{"48.77,-123.63": {"sst": 11.429417161844416, "sss": 11.180636101878704}, "49.15,-125.9": {"sst": 10.674239199949328, "sss": 4.816756392953144}, "49.0,-123.5": {"sst": 11.926927850929172, "sss": 12.05439736358481}, "48.5,-122.48": {"sst": 11.537347246168324, "sss": 12.265628621955235}, "48.66,-123.42": {"sst": 11.106330351254877, "sss": 11.044284270520729}, "48.78,-123.06": {"sst": 11.022870061105202, "sss": 11.661992618408245}, "48.79,-123.08": {"sst": 11.022870061105202, "sss": 11.661992618408245}, "51.65,-127.8": {"sst": 11.542834537405225, "sss": 7.3803755123785795}, "49.08,-123.15": {"sst": 12.011116593582548, "sss": 13.19109290269629}, "48.94,-123.57": {"sst": 11.801759668379104, "sss": 11.750143334429163}, "48.88,-123.51": {"sst": 11.635555303236874, "sss": 11.600847457707697}, "49.06,-123.73": {"sst": 12.070260501328466, "sss": 11.534263852099933}, "48.62,-123.48": {"sst": NaN, "sss": NaN}, "48.84,-125.14": {"sst": 9.81882743754255, "sss": 5.140550391974547}, "49.15,-125.91": {"sst": 10.585488919562964, "sss": 4.731581593017603}, "48.77,-123.61": {"sst": 11.429417161844416, "sss": 11.180636101878704}, "51.5,-127.5": {"sst": NaN, "sss": NaN}, "48.46,-123.42": {"sst": 10.9098436933928, "sss": 10.895901773231616}, "48.48,-122.49": {"sst": 11.537347246168324, "sss": 12.265628621955235}, "48.43,-123.46": {"sst": 10.89306755007978, "sss": 10.893302142802744}, "48.42,-123.47": {"sst": 10.89306755007978, "sss": 10.893302142802744}, "48.43,-123.47": {"sst": 10.89306755007978, "sss": 10.893302142802744}, "48.43,-123.44": {"sst": 10.902036040433774, "sss": 10.92439231882484}, "48.43,-123.42": {"sst": 10.902036040433774, "sss": 10.92439231882484}, "48.44,-123.43": {"sst": 10.902036040433774, "sss": 10.92439231882484}, "48.45,-123.44": {"sst": 10.9098436933928, "sss": 10.895901773231616}, "48.45,-123.45": {"sst": 10.9098436933928, "sss": 10.895901773231616}, "48.45,-123.41": {"sst": 10.9098436933928, "sss": 10.895901773231616}, "48.45,-123.4": {"sst": 10.9098436933928, "sss": 10.895901773231616}, "48.44,-123.39": {"sst": 10.909807509299947, "sss": 10.955693349649}, "48.44,-123.38": {"sst": 10.909807509299947, "sss": 10.955693349649}, "48.45,-123.42": {"sst": 10.9098436933928, "sss": 10.895901773231616}, "48.45,-123.43": {"sst": 10.9098436933928, "sss": 10.895901773231616}, "48.43,-123.37": {"sst": 10.909807509299947, "sss": 10.955693349649}, "48.43,-123.38": {"sst": 10.909807509299947, "sss": 10.955693349649}, "48.42,-123.39": {"sst": 10.909807509299947, "sss": 10.955693349649}, "48.42,-123.4": {"sst": 10.906861788278391, "sss": 10.942193915318732}, "48.44,-123.4": {"sst": 10.906861788278391, "sss": 10.942193915318732}, "48.43,-123.43": {"sst": 10.902036040433774, "sss": 10.92439231882484}, "48.42,-123.38": {"sst": 10.909807509299947, "sss": 10.955693349649}, "48.43,-123.4": {"sst": 10.906861788278391, "sss": 10.942193915318732}, "48.44,-123.45": {"sst": 10.902036040433774, "sss": 10.92439231882484}, "48.44,-123.44": {"sst": 10.902036040433774, "sss": 10.92439231882484}, "48.42,-123.37": {"sst": 10.909807509299947, "sss": 10.955693349649}, "hakai_HakaiQuadraLimpet5min_12mo": {"temp": NaN, "sal": NaN}, "hakai_HakaiBamfieldBoL5min_12mo": {"temp": NaN, "sal": NaN}, "hakai_HakaiKCBuoy1hour_12mo": {"temp": 7.714044418694477, "sal": 28.107655465430668}}